latitude,longitude,temperature,ph,conductivity
28.13436127,-80.59400177,5.795000076,0,-1023
28.13436127,-80.59400177,5.677000046,0,-1023
28.13436127,-80.59400177,5.597000122,0,-1023
28.13436127,-80.59400177,5.521999836,0,-1023
28.13436317,-80.59400177,5.40500021,0,-1023
28.13436317,-80.59400177,5.328999996,0,-1023
28.13436317,-80.59400177,5.214000225,0,-1023
28.13436127,-80.59400177,5.137000084,0,-1023
28.13436127,-80.59400177,5.058000088,0,-1023
28.13436127,-80.59400177,4.946000099,0,-1023
28.13435936,-80.59399414,4.870999813,0,-1023
28.13437462,-80.59401703,4.794000149,0,-1023
28.13437843,-80.59401703,4.68200016,0,-1023
28.13438606,-80.59404755,4.606999874,0,-1023
28.13438416,-80.59405518,4.497000217,0,-1023
28.13438416,-80.59404755,4.425000191,0,-1023
28.13438797,-80.59404755,4.346000195,0,-1023
28.13439178,-80.59403992,4.237999916,0,-1023
28.13439941,-80.59404755,4.164000034,0,-1023
28.13439751,-80.59403992,4.058000088,0,-1023
28.13439941,-80.59403992,3.986999989,0,-1023
28.13439751,-80.59403992,3.911999941,0,-1023
28.13439751,-80.59403992,3.805000067,0,-1023
28.13439751,-80.59403992,3.736000061,0,-1023
28.13439751,-80.59403992,3.663000107,0,-1023
28.13439751,-80.59403992,3.555999994,0,-1023
28.13439941,-80.59403992,3.487999916,0,-1023
28.13439751,-80.59403992,3.381999969,0,-1023
28.13439751,-80.59403992,3.319000006,0,-1023
28.13439751,-80.59403992,3.246000051,0,-1023
28.13439751,-80.59403992,3.141000032,0,-1023
28.13439751,-80.59403992,3.078000069,0,-1023
28.13439941,-80.59403992,3.009000063,0,-1023
28.13439941,-80.59403992,2.907000065,0,-1023
28.13439941,-80.59403992,2.838000059,0,-1023
28.13439941,-80.59403992,2.733999968,0,-1023
28.13439941,-80.59403992,2.667999983,0,-1023
28.13439941,-80.59403992,2.602999926,0,-1023
28.13439941,-80.59403229,2.500999928,0,-1023
28.13439941,-80.59403229,2.437999964,0,-1023
28.13439941,-80.59403229,2.339999914,0,-1023
28.13439941,-80.59403229,2.273999929,0,-1023
28.13439941,-80.59403229,2.210000038,0,-1023
28.13439941,-80.59403229,2.11500001,0,-1023
28.13439941,-80.59403229,2.051000118,0,-1023
28.13439941,-80.59403229,1.986999989,0,-1023
28.13439941,-80.59403229,1.893000007,0,-1023
28.13439941,-80.59403229,1.83099997,0,-1023
28.13439941,-80.59403229,1.736999989,0,-1023
28.13439941,-80.59403229,1.674999952,0,-1023
28.13440132,-80.59403229,1.613000035,0,-1023
28.13440132,-80.59403229,1.521000028,0,-1023
28.13440132,-80.59403229,1.45599997,0,-1023
28.13440132,-80.59403229,1.394999981,0,-1023
28.13440132,-80.59403229,1.304999948,0,-1023
28.13440132,-80.59403229,1.243000031,0,-1023
28.13440132,-80.59403229,1.154000044,0,-1023
28.13440132,-80.59403229,1.095000029,0,-1023
28.13440132,-80.59403229,1.034000039,0,-1023
28.13440132,-80.59403229,0.948000014,0,-1023
28.13440132,-80.59403229,0.887000024,0,-1023
28.13440132,-80.59403229,0.797999978,0,-1023
28.13439941,-80.59403229,0.740999997,0,-1023
28.13439941,-80.59403229,0.683000028,0,-1023
28.13439941,-80.59403229,0.595000029,0,-1023
28.13439941,-80.59403229,0.537999988,0,-1023
28.13439941,-80.59403229,0.477999985,0,-1023
28.13439941,-80.59403229,0.395000011,0,-1023
28.13439941,-80.59403229,0.335999995,0,-1023
28.13439941,-80.59403229,0.254000008,0,-1023
28.13439941,-80.59403229,0.196999997,0,-1023
28.13439941,-80.59403229,0.140000001,0,-1023
28.13439941,-80.59403229,0.059,0,-1023
28.13439941,-80.59403229,0.004,0,-1023
28.13439941,-80.59403229,0,0,-1023
28.13439941,-80.59403229,0,0,-1023
28.13439941,-80.59403229,0,0,-1023
28.13439941,-80.59403229,0,0,-1023
28.13439941,-80.59403229,0,0,-1023
28.13439941,-80.59403229,0,0,-1023
28.13439178,-80.59399414,0,0,-1023
28.13439941,-80.59393311,0,0,-1023
28.13439178,-80.59390259,0,0,-1023
28.13436508,-80.59385681,0,0,-1023
28.13434982,-80.59383392,0,0,-1023
28.13431931,-80.59380341,0,0,-1023
28.13430405,-80.59379578,0,0,-1023
28.13428307,-80.59379578,0,0,-1023
28.13427162,-80.59379578,0,0,-1023
28.13425064,-80.59380341,0,0,-1023
28.13424301,-80.59380341,0,0,-1023
28.13422394,-80.59381866,0,0,-1023
28.1342144,-80.59382629,0,0,-1023
28.13419914,-80.59383392,0,0,-1023
28.13418961,-80.59384155,0,0,-1023
28.13417435,-80.59384155,0,0,-1023
28.1341629,-80.59384155,0,0,-1023
28.13414192,-80.59386444,0,0,-1023
28.13414192,-80.59387207,0,0,-1023
28.13415527,-80.59389496,0,0,-1023
28.13416481,-80.59390259,0,0,-1023
28.13417435,-80.59392548,0,0,-1023
28.13417816,-80.59393311,0,0,-1023
28.13418007,-80.59395599,0,0,-1023
28.13418388,-80.59397125,0,0,-1023
28.13419151,-80.59398651,0,0,-1023
28.13419914,-80.59399414,0,0,-1023
28.1342144,-80.5940094,0,0,-1023
28.13422394,-80.59402466,0,0,-1023
28.13423729,-80.59403992,0,0,-1023
28.13424301,-80.59404755,0,0,-1023
28.13425255,-80.59407043,0,0,-1023
28.13425827,-80.59407806,0,0,-1023
28.1342659,-80.59409332,0,0,-1023
28.13426971,-80.59410095,0,0,-1023
28.13427734,-80.59411621,0,0,-1023
28.13428307,-80.59411621,0,0,-1023
28.1342926,-80.59413147,0,0,-1023
28.13429642,-80.5941391,0,0,-1023
28.13430595,-80.59415436,0,0,-1023
28.13430977,-80.59416199,0,0,-1023
28.13432121,-80.59417725,0,0,-1023
28.13432503,-80.59418488,0,0,-1023
28.13433456,-80.59420013,0,0,-1023
28.13433838,-80.59420013,0,0,-1023
28.13435173,-80.59423065,0,0,-1023
28.13435745,-80.59423828,0,0,-1023
28.1343689,-80.59426117,0,0,-1023
28.13437462,-80.59427643,0,0,-1023
28.13438606,-80.59429932,0,0,-1023
28.13439369,-80.59430695,0,0,-1023
28.13440514,-80.5943222,0,0,-1023
28.13440895,-80.59432983,0,0,-1023
28.1344223,-80.59436035,0,0,-1023
28.13442802,-80.59436798,0,0,-1023
28.13443947,-80.59437561,0,0,-1023
28.13444901,-80.59439087,0,0,-1023
28.13446236,-80.59441376,0,0,-1023
28.13446617,-80.59442139,0,0,-1023
28.1344738,-80.59443665,0,0,-1023
28.13447952,-80.59446716,0,0,-1023
28.13448334,-80.59448242,0,0,-1023
28.13449478,-80.59450531,0,0,-1023
28.1345005,-80.59451294,0,0,-1023
28.13451385,-80.59454346,0,0,-1023
28.13451958,-80.59455109,0,0,-1023
28.13453293,-80.59457397,0,0,-1023
28.13454056,-80.5945816,0,0,-1023
28.13455582,-80.59459686,0,0,-1023
28.13456345,-80.59461212,0,0,-1023
28.13458061,-80.59463501,0,0,-1023
28.13458633,-80.59464264,0,0,-1023
28.13460159,-80.59466553,0,0,-1023
28.13461113,-80.59467316,0,0,-1023
28.13462257,-80.59468842,0,0,-1023
28.13462639,-80.59469604,0,0,-1023
28.13463593,-80.59471893,0,0,-1023
28.13463974,-80.59472656,0,0,-1023
28.13464546,-80.59474945,0,0,-1023
28.13464737,-80.59475708,0,0,-1023
28.13465309,-80.59477234,0,0,-1023
28.134655,-80.59477997,0,0,-1023
28.13466454,-80.59480286,0,0,-1023
28.13466835,-80.59481049,0,0,-1023
28.13467789,-80.59483337,0,0,-1023
28.13468361,-80.594841,0,0,-1023
28.13469315,-80.59486389,0,0,-1023
28.13469887,-80.59487152,0,0,-1023
28.13471031,-80.59488678,0,0,-1023
28.13471603,-80.59490204,0,0,-1023
28.13472748,-80.5949173,0,0,-1023
28.1347332,-80.59492493,0,0,-1023
28.13474464,-80.59494781,0,0,-1023
28.13475037,-80.59495544,0,0,-1023
28.134758,-80.5949707,0,0,-1023
28.13476181,-80.59497833,0,0,-1023
28.13476944,-80.59500122,0,0,-1023
28.13477516,-80.59500885,0,0,-1023
28.13478279,-80.59503174,0,0,-1023
28.13478661,-80.59503937,0,0,-1023
28.13479614,-80.59506226,0,0,-1023
28.13480186,-80.59507751,0,0,-1023
28.13480949,-80.59509277,0,0,-1023
28.13481522,-80.59510803,0,0,-1023
28.13482666,-80.59513092,0,0,-1023
28.13483047,-80.59513855,0,0,-1023
28.13484001,-80.59515381,0,0,-1023
28.13484383,-80.59516907,0,0,-1023
28.13485336,-80.59518433,0,0,-1023
28.13485718,-80.59519958,0,0,-1023
28.13486862,-80.59522247,0,0,-1023
28.13487244,-80.5952301,0,0,-1023
28.13488197,-80.59525299,0,0,-1023
28.1348896,-80.59526825,0,0,-1023
28.13489914,-80.59529114,0,0,-1023
28.13490486,-80.59529877,0,0,-1023
28.13490868,-80.59531403,0,0,-1023
28.13491058,-80.59532166,0,0,-1023
28.13491821,-80.59533691,0,0,-1023
28.13492393,-80.59534454,0,0,-1023
28.13493347,-80.59536743,0,0,-1023
28.13493729,-80.59537506,0,0,-1023
28.13494682,-80.59539032,0,0,-1023
28.13495064,-80.59539795,0,0,-1023
28.13496208,-80.59541321,0,0,-1023
28.1349659,-80.59542084,0,0,-1023
28.13497543,-80.59542847,0,0,-1023
28.13498306,-80.59544373,0,0,-1023
28.1349926,-80.59545898,0,0,-1023
28.13500214,-80.59547424,0,0,-1023
28.13500595,-80.5954895,0,0,-1023
28.13500977,-80.59549713,0,0,-1023
28.13501358,-80.59551239,0,0,-1023
28.13502502,-80.59552765,0,0,-1023
28.13503265,-80.59553528,0,0,-1023
28.13504028,-80.5955658,0,0,-1023
28.1350441,-80.59557343,0,0,-1023
28.13505173,-80.59559631,0,0,-1023
28.13505936,-80.59561157,0,0,-1023
28.1350708,-80.59563446,0,0,-1023
28.13507462,-80.59564209,0,0,-1023
28.13508606,-80.59566498,0,0,-1023
28.13509178,-80.59568024,0,0,-1023
28.13510323,-80.5956955,0,0,-1023
28.13510704,-80.59571075,0,0,-1023
28.13512039,-80.59573364,0,0,-1023
28.13512611,-80.59574127,0,0,-1023
28.13513374,-80.59576416,0,0,-1023
28.13513756,-80.59577179,0,0,-1023
28.13514519,-80.59578705,0,0,-1023
28.135149,-80.59579468,0,0,-1023
28.13515663,-80.59581757,0,0,-1023
28.13516045,-80.5958252,0,0,-1023
28.13516808,-80.59584808,0,0,-1023
28.13516998,-80.59585571,0,0,-1023
28.13517761,-80.5958786,0,0,-1023
28.13517952,-80.59589386,0,0,-1023
28.13518906,-80.59590912,0,0,-1023
28.13519478,-80.59591675,0,0,-1023
28.13520622,-80.59593964,0,0,-1023
28.13521385,-80.5959549,0,0,-1023
28.1352253,-80.59597015,0,0,-1023
28.13523102,-80.59597778,0,0,-1023
28.13524055,-80.59600067,0,0,-1023
28.13524437,-80.59601593,0,0,-1023
28.135252,-80.59603119,0,0,-1023
28.13525391,-80.59603882,0,0,-1023
28.13526154,-80.59605408,0,0,-1023
28.13526726,-80.59606171,0,0,-1023
28.13527489,-80.59608459,0,0,-1023
28.13528061,-80.59609222,0,0,-1023
28.13528824,-80.59610748,0,0,-1023
28.13529205,-80.59611511,0,0,-1023
28.13530159,-80.596138,0,0,-1023
28.13530922,-80.59614563,0,0,-1023
28.13531876,-80.59616852,0,0,-1023
28.13532448,-80.59618378,0,0,-1023
28.13533592,-80.59620667,0,0,-1023
28.13534164,-80.59622192,0,0,-1023
28.13535309,-80.59623718,0,0,-1023
28.13535881,-80.59625244,0,0,-1023
28.13536644,-80.5962677,0,0,-1023
28.13537025,-80.59627533,0,0,-1023
28.13538361,-80.59629059,0,0,-1023
28.13538933,-80.59630585,0,0,-1023
28.13539886,-80.59632111,0,0,-1023
28.13540268,-80.59632874,0,0,-1023
28.13541222,-80.59634399,0,0,-1023
28.13541794,-80.59635162,0,0,-1023
28.13542747,-80.59636688,0,0,-1023
28.1354332,-80.59637451,0,0,-1023
28.13544083,-80.59638977,0,0,-1023
28.13544846,-80.5963974,0,0,-1023
28.13545799,-80.59642029,0,0,-1023
28.13546371,-80.59642792,0,0,-1023
28.13547516,-80.59645081,0,0,-1023
28.1354847,-80.59647369,0,0,-1023
28.13549042,-80.59648132,0,0,-1023
28.13550568,-80.59651184,0,0,-1023
28.1355114,-80.59651947,0,0,-1023
28.13551903,-80.59654236,0,0,-1023
28.13552666,-80.59655762,0,0,-1023
28.13554001,-80.59657288,0,0,-1023
28.13554573,-80.59658051,0,0,-1023
28.13555527,-80.59659576,0,0,-1023
28.13556099,-80.59661102,0,0,-1023
28.13557243,-80.59662628,0,0,-1023
28.13557816,-80.59664154,0,0,-1023
28.13559341,-80.5966568,0,0,-1023
28.13559914,-80.59666443,0,0,-1023
28.1356144,-80.59667969,0,0,-1023
28.13562393,-80.59668732,0,0,-1023
28.13563728,-80.59670258,0,0,-1023
28.13564491,-80.59671021,0,0,-1023
28.13566017,-80.59671783,0,0,-1023
28.1356678,-80.59672546,0,0,-1023
28.13568497,-80.59674072,0,0,-1023
28.1356945,-80.59674835,0,0,-1023
28.13570976,-80.59677124,0,0,-1023
28.1357193,-80.59677887,0,0,-1023
28.13573647,-80.59680176,0,0,-1023
28.13574409,-80.59680939,0,0,-1023
28.13575935,-80.59683228,0,0,-1023
28.13576698,-80.5968399,0,0,-1023
28.13578415,-80.59686279,0,0,-1023
28.13579178,-80.59687042,0,0,-1023
28.13580894,-80.59688568,0,0,-1023
28.13581657,-80.59689331,0,0,-1023
28.13582993,-80.59690857,0,0,-1023
28.13583946,-80.5969162,0,0,-1023
28.13585281,-80.59693146,0,0,-1023
28.13586235,-80.59694672,0,0,-1023
28.13588142,-80.59696198,0,0,-1023
28.13589096,-80.59696198,0,0,-1023
28.13590622,-80.5969696,0,0,-1023
28.13591576,-80.5969696,0,0,-1023
28.13593483,-80.5969696,0,0,-1023
28.13594437,-80.5969696,0,0,-1023
28.13596535,-80.59696198,0,0,-1023
28.13597488,-80.59696198,0,0,-1023
28.13600159,-80.59695435,0,0,-1023
28.13601494,-80.59695435,0,0,-1023
28.13604164,-80.59694672,0,0,-1023
28.13604927,-80.59693909,0,0,-1023
28.13606453,-80.59693146,0,0,-1023
28.13607216,-80.59692383,0,0,-1023
28.13608932,-80.59690094,0,0,-1023
28.13609505,-80.59689331,0,0,-1023
28.13610649,-80.59687042,0,0,-1023
28.1361084,-80.59686279,0,0,-1023
28.13611412,-80.5968399,0,0,-1023
28.13611603,-80.59683228,0,0,-1023
28.13611984,-80.59680176,0,0,-1023
28.13611794,-80.59677887,0,0,-1023
28.13611794,-80.59676361,0,0,-1023
28.13611794,-80.59674072,0,0,-1023
28.13611794,-80.59673309,0,0,-1023
28.13611603,-80.59671021,0,0,-1023
28.13611603,-80.59669495,0,0,-1023
28.13611794,-80.59667206,0,0,-1023
28.13611603,-80.59666443,0,0,-1023
28.13611031,-80.59664154,0,0,-1023
28.1361084,-80.59662628,0,0,-1023
28.13610649,-80.59659576,0,0,-1023
28.13610458,-80.59658051,0,0,-1023
28.13610268,-80.59655762,0,0,-1023
28.13610268,-80.59654999,0,0,-1023
28.13610268,-80.59651947,0,0,-1023
28.13610268,-80.59651184,0,0,-1023
28.13610268,-80.59648132,0,0,-1023
28.13610077,-80.59647369,0,0,-1023
28.13610077,-80.59644318,0,0,-1023
28.13610268,-80.59643555,0,0,-1023
28.13610268,-80.59640503,0,0,-1023
28.13610268,-80.59638977,0,0,-1023
28.13609695,-80.59636688,0,0,-1023
28.13609505,-80.59635162,0,0,-1023
28.13609695,-80.59632111,0,0,-1023
28.13609695,-80.59630585,0,0,-1023
28.13610077,-80.59628296,0,0,-1023
28.13609886,-80.5962677,0,0,-1023
28.13609505,-80.59625244,0,0,-1023
28.13609123,-80.59623718,0,0,-1023
28.13608742,-80.59621429,0,0,-1023
28.13608742,-80.59619904,0,0,-1023
28.13608932,-80.59617615,0,0,-1023
28.13609123,-80.59616089,0,0,-1023
28.13609123,-80.596138,0,0,-1023
28.13609123,-80.59612274,0,0,-1023
28.13609505,-80.59610748,0,0,-1023
28.13609695,-80.59609222,0,0,-1023
28.13609886,-80.59607697,0,0,-1023
28.13609886,-80.59606934,0,0,-1023
28.13610077,-80.59603882,0,0,-1023
28.13610077,-80.59602356,0,0,-1023
28.13610077,-80.5960083,0,0,-1023
28.13610077,-80.59600067,0,0,-1023
28.13610077,-80.59597015,0,0,-1023
28.13610077,-80.5959549,0,0,-1023
28.13609695,-80.59593201,0,0,-1023
28.13609695,-80.59592438,0,0,-1023
28.13610077,-80.59589386,0,0,-1023
28.13610077,-80.5958786,0,0,-1023
28.13610077,-80.59585571,0,0,-1023
28.13609886,-80.59584045,0,0,-1023
28.13609886,-80.59581757,0,0,-1023
28.13609886,-80.59579468,0,0,-1023
28.13609695,-80.59577942,0,0,-1023
28.13609314,-80.59575653,0,0,-1023
28.13609123,-80.59574127,0,0,-1023
28.13609123,-80.59571838,0,0,-1023
28.13609314,-80.59571075,0,0,-1023
28.13609695,-80.59568024,0,0,-1023
28.13609695,-80.59567261,0,0,-1023
28.13609314,-80.59564972,0,0,-1023
28.13609314,-80.59563446,0,0,-1023
28.13609695,-80.59560394,0,0,-1023
28.13609886,-80.59559631,0,0,-1023
28.13610458,-80.59557343,0,0,-1023
28.13610649,-80.5955658,0,0,-1023
28.1361084,-80.59554291,0,0,-1023
28.1361084,-80.59553528,0,0,-1023
28.13610649,-80.59552002,0,0,-1023
28.13610649,-80.59550476,0,0,-1023
28.13610077,-80.59548187,0,0,-1023
28.13609505,-80.59547424,0,0,-1023
28.13609505,-80.59545135,0,0,-1023
28.13609505,-80.59544373,0,0,-1023
28.13609505,-80.59542847,0,0,-1023
28.13609123,-80.59542084,0,0,-1023
28.13609505,-80.59539795,0,0,-1023
28.13609886,-80.59539032,0,0,-1023
28.13610458,-80.59536743,0,0,-1023
28.13610458,-80.59535217,0,0,-1023
28.13610649,-80.59532166,0,0,-1023
28.13610649,-80.59531403,0,0,-1023
28.13610649,-80.59529114,0,0,-1023
28.13610268,-80.59528351,0,0,-1023
28.13609123,-80.59526825,0,0,-1023
28.1360836,-80.59526062,0,0,-1023
28.13607025,-80.59524536,0,0,-1023
28.13606453,-80.5952301,0,0,-1023
28.13605499,-80.59521484,0,0,-1023
28.13604736,-80.59520721,0,0,-1023
28.13603592,-80.59518433,0,0,-1023
28.1360321,-80.5951767,0,0,-1023
28.13602638,-80.59515381,0,0,-1023
28.13602257,-80.59514618,0,0,-1023
28.13600922,-80.59512329,0,0,-1023
28.13600349,-80.59511566,0,0,-1023
28.13599014,-80.59509277,0,0,-1023
28.13598251,-80.59507751,0,0,-1023
28.13597298,-80.59505463,0,0,-1023
28.13596916,-80.595047,0,0,-1023
28.13596344,-80.59502411,0,0,-1023
28.13595963,-80.59500885,0,0,-1023
28.135952,-80.59499359,0,0,-1023
28.13594627,-80.59498596,0,0,-1023
28.13593674,-80.59496307,0,0,-1023
28.13592911,-80.59495544,0,0,-1023
28.13591385,-80.59492493,0,0,-1023
28.13591003,-80.5949173,0,0,-1023
28.13589859,-80.59490204,0,0,-1023
28.13588333,-80.59488678,0,0,-1023
28.13587952,-80.59487915,0,0,-1023
28.13586998,-80.59484863,0,0,-1023
28.13586617,-80.594841,0,0,-1023
28.13585663,-80.59481812,0,0,-1023
28.13585281,-80.59480286,0,0,-1023
28.13584518,-80.59477997,0,0,-1023
28.13584328,-80.59476471,0,0,-1023
28.13584137,-80.59474182,0,0,-1023
28.13583946,-80.59472656,0,0,-1023
28.13583755,-80.59470367,0,0,-1023
28.13583755,-80.59468842,0,0,-1023
28.13583755,-80.59466553,0,0,-1023
28.13583946,-80.59465027,0,0,-1023
28.13583755,-80.59462738,0,0,-1023
28.13583565,-80.59461212,0,0,-1023
28.13582993,-80.59458923,0,0,-1023
28.13582802,-80.59457397,0,0,-1023
28.13582802,-80.59455872,0,0,-1023
28.13582993,-80.59455109,0,0,-1023
28.13582802,-80.5945282,0,0,-1023
28.1358242,-80.59452057,0,0,-1023
28.1358223,-80.59449768,0,0,-1023
28.1358242,-80.59449005,0,0,-1023
28.13582802,-80.59446716,0,0,-1023
28.13582993,-80.59445953,0,0,-1023
28.13583755,-80.59443665,0,0,-1023
28.13584137,-80.59442902,0,0,-1023
28.13584137,-80.5943985,0,0,-1023
28.13583946,-80.59439087,0,0,-1023
28.13583946,-80.59436798,0,0,-1023
28.13583946,-80.59436035,0,0,-1023
28.13583565,-80.59433746,0,0,-1023
28.13583183,-80.59432983,0,0,-1023
28.13582039,-80.59430695,0,0,-1023
28.13582039,-80.59429169,0,0,-1023
28.13581657,-80.5942688,0,0,-1023
28.13580513,-80.59424591,0,0,-1023
28.13580513,-80.59421539,0,0,-1023
28.13580704,-80.59420013,0,0,-1023
28.13581085,-80.59416962,0,0,-1023
28.13581085,-80.59415436,0,0,-1023
28.13581467,-80.59412384,0,0,-1023
28.13581848,-80.59410858,0,0,-1023
28.1358223,-80.59408569,0,0,-1023
28.1358242,-80.59407043,0,0,-1023
28.13582611,-80.59403992,0,0,-1023
28.13582802,-80.59402466,0,0,-1023
28.13582611,-80.59400177,0,0,-1023
28.13582802,-80.59398651,0,0,-1023
28.13582993,-80.59395599,0,0,-1023
28.13583183,-80.59392548,0,0,-1023
28.13583183,-80.59391022,0,0,-1023
28.13583755,-80.59388733,0,0,-1023
28.13583946,-80.59387207,0,0,-1023
28.13583374,-80.59384918,0,0,-1023
28.13583183,-80.59384155,0,0,-1023
28.13582993,-80.59381104,0,0,-1023
28.13583183,-80.59379578,0,0,-1023
28.13583755,-80.59376526,0,0,-1023
28.13583946,-80.59375,0,0,-1023
28.13584137,-80.59372711,0,0,-1023
28.13584137,-80.59371185,0,0,-1023
28.13584137,-80.59368896,0,0,-1023
28.13584328,-80.59366608,0,0,-1023
28.13584137,-80.59363556,0,0,-1023
28.13584137,-80.5936203,0,0,-1023
28.13583946,-80.59358215,0,0,-1023
28.13583565,-80.59356689,0,0,-1023
28.13583183,-80.59353638,0,0,-1023
28.13583183,-80.59352112,0,0,-1023
28.13583183,-80.59349823,0,0,-1023
28.13583183,-80.59348297,0,0,-1023
28.13583565,-80.59346008,0,0,-1023
28.13583755,-80.59344482,0,0,-1023
28.13583565,-80.59341431,0,0,-1023
28.13583374,-80.59339905,0,0,-1023
28.13583183,-80.59337616,0,0,-1023
28.13583374,-80.5933609,0,0,-1023
28.13583374,-80.59333038,0,0,-1023
28.13583374,-80.59331512,0,0,-1023
28.13583183,-80.59329224,0,0,-1023
28.13582802,-80.59327698,0,0,-1023
28.1358242,-80.59325409,0,0,-1023
28.1358223,-80.59323883,0,0,-1023
28.13582039,-80.59321594,0,0,-1023
28.13582039,-80.59320831,0,0,-1023
28.13582039,-80.59318542,0,0,-1023
28.1358223,-80.59317017,0,0,-1023
28.1358242,-80.59314728,0,0,-1023
28.13582039,-80.59313965,0,0,-1023
28.13581467,-80.59310913,0,0,-1023
28.13581276,-80.5931015,0,0,-1023
28.13580894,-80.59309387,0,0,-1023
28.13580513,-80.59307861,0,0,-1023
28.1357975,-80.59305573,0,0,-1023
28.13579559,-80.59304047,0,0,-1023
28.13579178,-80.59301758,0,0,-1023
28.13578987,-80.59300232,0,0,-1023
28.13578033,-80.59297943,0,0,-1023
28.13577652,-80.59296417,0,0,-1023
28.13576508,-80.59294128,0,0,-1023
28.13575554,-80.59292603,0,0,-1023
28.13574982,-80.5929184,0,0,-1023
28.13573647,-80.59290314,0,0,-1023
28.13572884,-80.59289551,0,0,-1023
28.13571739,-80.59288788,0,0,-1023
28.13570786,-80.59288788,0,0,-1023
28.13568878,-80.59288025,0,0,-1023
28.13568115,-80.59288025,0,0,-1023
28.13566399,-80.59288025,0,0,-1023
28.13565636,-80.59288025,0,0,-1023
28.13563347,-80.59288025,0,0,-1023
28.13562202,-80.59287262,0,0,-1023
28.13560104,-80.59286499,0,0,-1023
28.13559151,-80.59286499,0,0,-1023
28.13557434,-80.59285736,0,0,-1023
28.1355629,-80.59284973,0,0,-1023
28.13553619,-80.59284973,0,0,-1023
28.13552475,-80.59284973,0,0,-1023
28.13550377,-80.59283447,0,0,-1023
28.13549232,-80.59283447,0,0,-1023
28.13546753,-80.59283447,0,0,-1023
28.13545418,-80.59283447,0,0,-1023
28.13542175,-80.59283447,0,0,-1023
28.13540649,-80.59283447,0,0,-1023
28.1353817,-80.5928421,0,0,-1023
28.13537025,-80.59284973,0,0,-1023
28.13534164,-80.59286499,0,0,-1023
28.13531303,-80.59288025,0,0,-1023
28.13530159,-80.59288788,0,0,-1023
28.13528252,-80.59289551,0,0,-1023
28.13527107,-80.59289551,0,0,-1023
28.13524628,-80.59290314,0,0,-1023
28.13523865,-80.59291077,0,0,-1023
28.13521767,-80.59292603,0,0,-1023
28.13520813,-80.59293365,0,0,-1023
28.13518524,-80.59294891,0,0,-1023
28.1351757,-80.59295654,0,0,-1023
28.13515663,-80.59296417,0,0,-1023
28.13514519,-80.5929718,0,0,-1023
28.13512993,-80.59298706,0,0,-1023
28.1351223,-80.59298706,0,0,-1023
28.13510704,-80.59300232,0,0,-1023
28.13510132,-80.59300995,0,0,-1023
28.13508606,-80.59302521,0,0,-1023
28.13507843,-80.59304047,0,0,-1023
28.13506508,-80.59306335,0,0,-1023
28.13505745,-80.59307098,0,0,-1023
28.13504601,-80.59308624,0,0,-1023
28.13504028,-80.59309387,0,0,-1023
28.13502502,-80.59311676,0,0,-1023
28.13501549,-80.59312439,0,0,-1023
28.13499641,-80.59313965,0,0,-1023
28.13498116,-80.59316254,0,0,-1023
28.1349678,-80.59317017,0,0,-1023
28.13495636,-80.5931778,0,0,-1023
28.13493919,-80.59318542,0,0,-1023
28.13491821,-80.59320068,0,0,-1023
28.13490677,-80.59320068,0,0,-1023
28.13488197,-80.59321594,0,0,-1023
28.13486671,-80.59322357,0,0,-1023
28.13484192,-80.59323883,0,0,-1023
28.13483047,-80.59324646,0,0,-1023
28.13480949,-80.59326935,0,0,-1023
28.13479805,-80.59327698,0,0,-1023
28.13477898,-80.59329224,0,0,-1023
28.13476944,-80.5933075,0,0,-1023
28.13475037,-80.59333038,0,0,-1023
28.13474464,-80.59333801,0,0,-1023
28.1347332,-80.59335327,0,0,-1023
28.13472557,-80.5933609,0,0,-1023
28.13470459,-80.59337616,0,0,-1023
28.13469505,-80.59338379,0,0,-1023
28.13467789,-80.59339905,0,0,-1023
28.13467216,-80.59340668,0,0,-1023
28.13466072,-80.59342194,0,0,-1023
28.13465118,-80.59342957,0,0,-1023
28.1346302,-80.59344482,0,0,-1023
28.13461876,-80.59346008,0,0,-1023
28.13459969,-80.59347534,0,0,-1023
28.13458443,-80.59348297,0,0,-1023
28.13456535,-80.59349823,0,0,-1023
28.13455391,-80.59349823,0,0,-1023
28.13453293,-80.59351349,0,0,-1023
28.13452148,-80.59352112,0,0,-1023
28.13450623,-80.59352875,0,0,-1023
28.1345005,-80.59353638,0,0,-1023
28.13449478,-80.59355927,0,0,-1023
28.13448906,-80.59356689,0,0,-1023
28.13446617,-80.59358215,0,0,-1023
28.13445473,-80.59358978,0,0,-1023
28.13443947,-80.59360504,0,0,-1023
28.13443184,-80.59361267,0,0,-1023
28.13441277,-80.59362793,0,0,-1023
28.13440323,-80.59363556,0,0,-1023
28.13438034,-80.59365082,0,0,-1023
28.1343708,-80.59365845,0,0,-1023
28.13435555,-80.59368134,0,0,-1023
28.13434792,-80.59369659,0,0,-1023
28.13433456,-80.59371185,0,0,-1023
28.13432693,-80.59371948,0,0,-1023
28.13431168,-80.59373474,0,0,-1023
28.13430405,-80.59375,0,0,-1023
28.13429642,-80.59378815,0,0,-1023
28.13429832,-80.59380341,0,0,-1023
28.1342926,-80.59381866,0,0,-1023
28.13428497,-80.59382629,0,0,-1023
28.13428307,-80.59383392,0,0,-1023
28.13428879,-80.59383392,0,0,-1023
28.13430023,-80.59384155,0,0,-1023
28.13430405,-80.59384155,0,0,-1023
28.13430977,-80.59385681,0,0,-1023
28.13431358,-80.59386444,0,0,-1023
28.13431549,-80.59386444,0,0,-1023
28.13432121,-80.59387207,0,0,-1023
28.13432312,-80.59387207,0,0,-1023
28.13432312,-80.59386444,0,0,-1023
28.13432312,-80.59386444,0,0,-1023
28.13432312,-80.59387207,0,0,-1023
28.13432312,-80.59387207,0,0,-1023
28.13432121,-80.59387207,0,0,-1023
28.13431931,-80.5938797,0,0,-1023
28.1343174,-80.5938797,0,0,-1023
28.1343174,-80.59388733,0,0,-1023
28.1343174,-80.59388733,0,0,-1023
28.13431549,-80.59388733,0,0,-1023
28.13431931,-80.59389496,0,0,-1023
28.13431931,-80.59389496,0,0,-1023
28.1343174,-80.59389496,0,0,-1023
0,0,0,0,0
28.13438797,-80.59390259,0,0,-1023
28.13438416,-80.59391022,0,0,-1023
28.13438416,-80.59391785,0,0,-1023
28.13439369,-80.59392548,0,0,-1023
28.13439941,-80.59393311,0,0,-1023
28.13439941,-80.59392548,0,0,-1023
28.13440132,-80.59392548,0,0,-1023
28.13440132,-80.59392548,0,0,-1023
28.13440132,-80.59392548,0,0,-1023
28.13440132,-80.59392548,0,0,-1023
28.13440132,-80.59392548,0,0,-1023
28.13440132,-80.59392548,0,0,-1023
28.13440323,-80.59392548,0,0,-1023
28.13440323,-80.59392548,0,0,-1023
28.13440323,-80.59392548,0,0,-1023
28.13440323,-80.59392548,0,0,-1023
28.13440323,-80.59392548,0,0,-1023
28.13440323,-80.59392548,0,0,-1023
28.13440323,-80.59392548,0,0,-1023
28.13440323,-80.59392548,0,0,-1023
28.13440323,-80.59392548,0,0,-1023
28.13440323,-80.59392548,0,0,-1023
28.13440323,-80.59392548,0,0,-1023
28.13440323,-80.59392548,0,0,-1023
28.13440323,-80.59392548,0,0,-1023
28.13440323,-80.59392548,0,0,-1023
28.13440323,-80.59392548,0,0,-1023
28.13440323,-80.59392548,0,0,-1023
28.13440323,-80.59392548,0,0,-1023
